Feature,Importance
var1,0.44661633115348287
var4,0.17766287158522243
var42,0.14685523476703907
var39,0.12091872779579986
var3,0.10794683469845588
