Feature,Importance
var1,0.3970446659417784
var4,0.16346681886494158
var42,0.13406312293571734
var39,0.11357717112173156
var3,0.11079986736705658
var38,0.08104835376877463
