Feature,Importance
var1,0.36680620349370324
var4,0.15214819717311723
var42,0.11670715420922022
var39,0.1050495047905844
var3,0.09989141194425759
var52,0.08433719332420282
var38,0.07506033506491451
