Feature,Mean_Absolute_SHAP
var1,0.2058360826951104
var4,0.09647797960659936
var42,0.05292361358158477
var3,0.05152413935560067
var39,0.04243681010344849
