Feature,Mean_Absolute_SHAP
var1,0.18884382807922664
var4,0.10943268211738472
var3,0.05109763866646493
var42,0.04435578268534879
var39,0.033983620858544575
var38,0.0324459638118741
